Point_ID,Stream_Dir_X,Stream_Dir_Y
1,670797.5387,7825048.525
2,672554.1169,7825954.142
3,671689.1069,7826884.99
4,675184.8149,7826851.05
5,675193.8594,7827773.485
6,628883.3796,7829089.794
7,669958.8135,7828746.538
8,674328.8787,7828704.463
9,626268.2298,7830030.785
10,628016.0918,7830018.363
11,661227.2067,7829749.867
12,663849.2901,7829726.042
13,669967.5799,7829668.953
14,660361.4509,7830680.106
15,662109.5887,7830664.357
16,628903.3107,7831856.672
17,660369.7142,7831602.489
18,667362.6906,7831538.488
19,668236.8249,7831530.295
20,635028.4946,7832733.888
21,659503.8192,7832532.676
22,663000.4553,7832501.199
23,673490.6257,7832402.67
24,675239.0268,7832385.65
25,634161.3157,7833662.76
26,642028.5631,7833602.139
27,659512.0307,7833455.054
28,628923.2173,7834623.543
29,634168.2185,7834585.063
30,641161.6782,7834531.368
31,660394.484,7834369.632
32,629804.0538,7835539.527
33,633300.9011,7835513.883
34,641168.9381,7835453.69
35,658654.1563,7835307.562
36,659528.4437,7835299.808
37,633307.7533,7836436.182
38,642050.4777,7836369.112
39,642924.7628,7836362.17
40,656913.6556,7836245.31
41,657787.9828,7836237.644
42,659536.6451,7836222.184
43,629817.3957,7837384.106
44,643806.4391,7837277.514
45,644680.7739,7837270.489
46,647303.7927,7837249.161
47,648178.1371,7837241.967
48,655172.9821,7837182.876
49,656047.3492,7837175.298
50,662167.9914,7837121.057
51,630698.406,7838300.054
52,635070.1559,7838267.714
53,646436.9713,7838178.647
54,653432.1359,7838120.259
55,654306.5428,7838112.769
56,627207.5746,7839247.441
57,662184.6471,7838965.822
58,631586.2568,7840138.255
59,634209.576,7840118.865
60,637707.3662,7840092.416
61,639456.2749,7840078.936
62,642079.6553,7840058.397
63,647326.4799,7840016.169
64,663067.4926,7839880.292
65,628969.5709,7841079.546
66,629844.0468,7841073.255
67,633341.9722,7841047.666
68,635965.4393,7841028.028
69,636839.9329,7841021.396
70,640337.9298,7840994.446
71,641212.4349,7840987.602
72,648208.5601,7840931.319
73,664825.0005,7840786.732
74,666574.155,7840770.619
75,675320.0953,7840687.498
76,631599.7508,7841982.836
77,644725.3123,7842804.452
78,664841.898,7842631.508
79,631613.2337,7843827.413
80,650855.3353,7843676.541
81,660476.8299,7843593.39
82,617625.6698,7844846.473
83,618500.2984,7844840.743
84,639492.0068,7844690.487
85,651737.7717,7844591.538
86,618506.3613,7845762.997
87,622879.7579,7845733.721
88,636874.9778,7845632.908
89,638624.4199,7845619.542
90,642123.3318,7845592.3
91,649996.0225,7845528.522
92,616762.9875,7846696.659
93,617637.7036,7846690.975
94,623760.7723,7846650.005
95,629009.1965,7846613.232
96,650878.4948,7846443.563
97,660501.4677,7846360.502
98,615894.1969,7847624.546
99,634264.5609,7847497.223
100,635139.3636,7847490.693
101,641263.0457,7847443.797
102,646512.0071,7847401.946
103,648261.6802,7847387.656
104,651768.811,7848280.907
105,671892.0605,7848100.528
106,632528.5013,7849354.727
107,644777.1349,7849260.706
108,668400.8632,7849055.905
109,671025.8424,7849031.24
110,672775.8426,7849014.585
111,616786.8465,7850385.646
112,632535.2667,7850277.012
113,645659.4906,7850175.993
114,653534.2827,7850110.804
115,664909.3493,7850010.578
116,673659.7135,7849928.604
117,674534.7654,7849920.173
118,599294.3997,7851412.456
119,612418.1357,7851335.62
120,615917.8674,7851313.521
121,617667.7448,7851302.218
122,618542.6863,7851296.502
123,629917.1114,7851218.348
124,631667.0545,7851205.689
125,665792.8336,7850924.954
126,594924.7461,7852358.148
127,600174.4114,7852329.838
128,636923.9196,7852088.989
129,653549.949,7851955.491
130,590554.6837,7853302.764
131,595804.5692,7853275.734
132,596679.5557,7853271.08
133,610679.566,7853190.875
134,617679.7438,7853146.709
135,619429.8076,7853135.244
136,644806.6808,7852949.976
137,652682.6565,7852885.238
138,668435.2343,7852745.471
139,590559.2971,7854224.952
140,599309.5838,7854179.072
141,617685.7397,7854068.953
142,619435.8926,7854057.493
143,620310.972,7854051.699
144,646564.3485,7853858.207
145,653565.6024,7853800.175
146,661442.2087,7853731.65
147,591438.9747,7855142.743
148,598439.5605,7855106.052
149,615066.3845,7855008.064
150,616816.6149,7854996.862
151,643071.0668,7854808.517
152,662325.6683,7854646.193
153,663200.9072,7854638.328
154,591443.6288,7856064.931
155,600194.8226,7856018.661
156,603695.3459,7855998.97
157,608071.0389,7855973.404
158,611571.6255,7855952.191
159,614197.0848,7855935.837
160,622073.5668,7855884.492
161,623823.9181,7855872.617
162,646579.2754,7855702.846
163,664084.5028,7855552.794
164,599324.749,7856945.68
165,604575.8013,7856916.154
166,608951.7258,7856890.386
167,610702.1081,7856879.784
168,624705.4416,7856788.875
169,625580.6669,7856782.834
170,664092.8531,7856475.167
171,594078.54,7857895.877
172,600205.0156,7857863.068
173,626462.3256,7857699.013
174,628212.8757,7857686.724
175,643968.2252,7857568.515
176,644843.5443,7857561.546
177,653596.8704,7857489.534
178,663225.8244,7857405.438
179,597584.3333,7858799.579
180,634346.6987,7858564.663
181,642224.8241,7858504.629
182,643100.1829,7858497.748
183,654480.0703,7858404.441
184,656230.8599,7858389.452
185,664109.5434,7858319.91
186,669362.1211,7858271.647
187,594963.3966,7859735.699
188,598464.5924,7859717.05
189,624724.4602,7859555.647
190,625599.819,7859549.612
191,629976.645,7859518.806
192,630852.0166,7859512.518
193,636979.6798,7859467.32
194,657114.2423,7859304.242
195,668495.247,7859202.181
196,588840.8751,7860688.891
197,622979.9939,7860489.84
198,623855.3932,7860483.893
199,631734.0806,7860428.462
200,633484.9237,7860415.68
201,635235.7758,7860402.728
202,636111.2051,7860396.189
203,639612.9455,7860369.612
204,640488.3863,7860362.862
205,663250.7107,7860172.54
206,668503.8061,7860124.565
207,669379.3317,7860116.422
208,615982.7595,7861458.138
209,622110.795,7861417.994
210,638744.55,7861298.611
211,587099.0579,7862541.718
212,627369.9382,7862304.201
213,663267.2843,7862017.271
214,612492.4792,7863324.598
215,614243.499,7863313.685
216,623874.2469,7863250.648
217,626500.857,7863232.571
218,628251.9408,7863220.309
219,630878.5826,7863201.599
220,651892.4562,7863038.257
221,653643.6752,7863023.548
222,664151.2085,7862931.754
223,672032.1151,7862858.921
224,611622.6299,7864252.213
225,612498.1813,7864246.821
226,663283.8442,7863861.999
227,608125.9202,7865195.57
228,610752.6912,7865179.781
229,633518.777,7865027.059
230,653659.2509,7864868.214
231,587116.7135,7866230.407
232,603753.2581,7866143.245
233,621266.086,7866035.075
234,630022.7956,7865974.673
235,631774.163,7865962.087
236,634401.2306,7865942.892
237,637028.3184,7865923.318
238,653667.0339,7865790.545
239,665051.9444,7865690.936
240,584494.2174,7867164.945
241,608136.8691,7867039.993
242,625650.7749,7866927.653
243,627402.2096,7866915.492
244,629153.6528,7866903.164
245,636159.5126,7866852.165
246,637911,7866838.994
247,639662.4966,7866825.655
248,645792.8085,7866777.641
249,647544.3478,7866763.543
250,649295.897,7866749.277
251,652799.0253,7866720.24
252,583622.8153,7868091.147
253,588876.8963,7868066.293
254,602012.3391,7867997.532
255,624781.3739,7867855.919
256,626532.8931,7867843.847
257,634414.8353,7867787.441
258,635290.6176,7867780.964
259,640545.3596,7867741.213
260,642296.9589,7867727.626
261,644924.3755,7867706.93
262,652806.7574,7867642.567
263,661565.2019,7867567.053
264,663316.9226,7867551.445
265,583627.0438,7869013.31
266,602893.2512,7868914.81
267,641428.3108,7868656.733
268,649311.0034,7868593.91
269,651938.6119,7868572.211
270,667704.755,7868434.062
271,670332.5312,7868409.711
272,602022.6543,7869841.924
273,648442.643,7869523.371
274,663333.4411,7869396.164
275,664209.3943,7869388.302
276,581008.0755,7870869.478
277,581883.8808,7870865.572
278,598524.4571,7870783.36
279,600276.1295,7870773.824
280,631807.4887,7870573.419
281,638814.82,7870521.486
282,640566.6757,7870508.082
283,649326.0972,7870438.539
284,661589.7086,7870334.113
285,665093.6928,7870302.763
286,580136.3178,7871795.498
287,595901.8034,7871719.532
288,597653.5544,7871710.251
289,631814.1455,7871495.683
290,651961.6465,7871339.177
291,659845.8063,7871271.882
292,660721.8371,7871264.194
293,595906.6439,7872641.713
294,623936.9229,7872473.115
295,626564.8626,7872455.104
296,628316.8329,7872442.886
297,652845.3699,7872254.191
298,658977.804,7872201.87
299,624819.1981,7873389.398
300,625695.2222,7873383.396
301,627447.2768,7873371.267
302,629199.3399,7873358.97
303,630075.3746,7873352.758
304,639711.9034,7873281.659
305,648472.6283,7873212.612
306,652853.0827,7873176.514
307,606428.5165,7874427.932
308,647603.9892,7874142.012
309,615194.6817,7875297.084
310,651116.1325,7875035.711
311,576652.2608,7876421.262
312,577528.3246,7876417.574
313,609067.5966,7876256.863
314,610819.8412,7876246.341
315,611695.9664,7876241.017
316,616076.62,7876213.769
317,675659.0824,7875739.055
318,573151.7014,7877357.736
319,602939.9803,7877214.56
320,606444.6031,7877194.53
321,607320.7633,7877189.418
322,609949.2545,7877173.829
323,612577.7622,7877157.864
324,616082.4655,7877135.989
325,648502.5635,7876901.842
326,651131.3589,7876880.34
327,658141.5922,7876821.157
328,671286.2409,7876702.95
329,575783.8277,7878269.193
330,590678.5742,7878201.549
331,591554.7487,7878197.193
332,603821.3587,7878131.807
333,605573.7584,7878121.796
334,646757.4334,7877838.266
335,647633.7352,7877831.227
336,649386.3464,7877817.024
337,658149.5538,7877743.492
338,660778.5669,7877720.614
339,669542.1207,7877641.629
340,670418.4913,7877633.499
341,676553.1668,7877575.42
342,678305.9575,7877558.448
343,680058.7602,7877541.309
344,588054.4893,7879136.527
345,592435.5747,7879114.964
346,594188.0196,7879106.046
347,617846.6889,7878969.246
348,621351.792,7878946.382
349,623104.3557,7878934.699
350,643259.4585,7878788.291
351,645888.4745,7878767.56
352,660786.6576,7878642.957
353,666921.4252,7878588.127
354,668674.2407,7878572.085
355,676562.0521,7878497.816
356,677438.4901,7878489.354
357,569657.8132,7880137.79
358,570534.0435,7880134.442
359,588935.1751,7880054.46
360,593316.4885,7880032.695
361,608213.2562,7879950.866
362,619605.251,7879880.124
363,620481.5718,7879874.389
364,623986.8756,7879851.031
365,627492.2124,7879827.002
366,632750.2819,7879789.703
367,633626.6345,7879783.339
368,641513.9101,7879724.185
369,642390.2856,7879717.403
370,661671.1763,7879557.594
371,664300.4864,7879534.23
372,666053.3735,7879518.445
373,681829.8715,7879368.83
374,682706.3716,7879360.12
375,609095.0355,7880867.876
376,628375.0046,7880743.137
377,629251.3904,7880736.986
378,640644.6066,7880653.206
379,663432.2632,7880464.41
380,683592.1056,7880273.787
381,568788.4961,7881985.354
382,584562.3964,7881919.484
383,585438.7368,7881915.427
384,595954.9376,7881863.481
385,596831.2978,7881858.881
386,630134.3163,7881653.043
387,631010.7504,7881646.81
388,648539.9121,7881513.36
389,661687.4289,7881402.281
390,667823.1418,7881347.219
391,672205.8777,7881306.633
392,569668.3112,7882904.179
393,583690.2594,7882845.649
394,597712.5658,7882776.414
395,599465.3823,7882767.006
396,609982.4249,7882707.049
397,644164.7733,7882470.581
398,647670.8478,7882442.729
399,651176.9617,7882414.207
400,673091.1276,7882220.771
401,674844.336,7882204.165
402,568795.4023,7883829.608
403,581065.1869,7883779.584
404,581941.6099,7883775.697
405,600346.8293,7883684.42
406,643295.4537,7883399.725
407,659950.4554,7883262.309
408,660827.0603,7883254.658
409,663456.8912,7883231.454
410,665210.1254,7883215.775
411,666086.7467,7883207.873
412,675729.7671,7883118.188
413,676606.4228,7883109.784
414,683619.7748,7883041.042
415,568798.8533,7884751.734
416,600351.8634,7884606.6
417,607363.9147,7884566.992
418,608240.429,7884561.853
419,624894.5623,7884456.268
420,629277.3502,7884425.975
421,659958.4817,7884184.644
422,664341.7534,7884145.985
423,677491.9883,7884023.732
424,684505.7169,7883954.681
425,579320.3009,7885631.514
426,630160.4413,7885342.038
427,632790.2784,7885323.241
428,660843.1976,7885099.333
429,665226.703,7885060.479
430,671363.727,7885004.327
431,567052.6802,7886602.453
432,602115.1036,7886441.312
433,605621.4808,7886421.523
434,633673.5954,7886239.148
435,651207.2998,7886103.437
436,664358.236,7885990.681
437,602120.2192,7887363.492
438,633680.2929,7887161.403
439,650338.1241,7887032.922
440,663489.6803,7886920.835
441,684533.4716,7886721.936
442,685410.3334,7886713.126
443,599495.3043,7888300.065
444,600371.9787,7888295.309
445,602125.3327,7888285.672
446,632810.2389,7888090
447,662621.036,7887850.941
448,686296.5301,7887626.698
449,588103.0916,7889280.245
450,601253.7223,7889212.688
451,654737.4059,7888841.234
452,660875.4316,7888788.673
453,663506.0541,7888765.521
454,588984.2405,7890198.186
455,590737.7285,7890189.64
456,591614.4746,7890185.305
457,592491.2225,7890180.928
458,610903.3057,7890079.378
459,618794.4414,7890030.226
460,649483.8215,7889806.956
461,651237.5869,7889792.653
462,654745.1485,7889763.548
463,659129.6589,7889726.227
464,660006.5689,7889718.638
465,663514.2359,7889687.863
466,574083.5261,7891186.216
467,574960.2899,7891182.674
468,593372.6402,7891098.669
469,596879.8287,7891080.584
470,610908.8513,7891001.574
471,612662.5114,7890990.947
472,652122.0812,7890707.745
473,653875.9497,7890693.197
474,662645.4495,7890617.957
475,554797.7511,7892175.693
476,588993.1372,7892042.489
477,589869.9681,7892038.24
478,618806.3196,7891874.654
479,628452.2259,7891810.038
480,629329.1391,7891803.914
481,633713.7378,7891772.667
482,662653.5805,7891540.295
483,576721.487,7893019.726
484,647752.2213,7892587.964
485,648629.2294,7892580.925
486,656522.4164,7892515.698
487,663538.7605,7892454.884
488,560064.4655,7894003.537
489,575848.4199,7893945.476
490,586371.2797,7893899.276
491,587248.1938,7893895.155
492,615310.2958,7893741.307
493,618818.1879,7893719.078
494,620572.1458,7893707.713
495,634604.1102,7893610.798
496,646882.5508,7893517.248
497,664424.0276,7893369.436
498,667055.3414,7893345.826
499,668809.5645,7893329.878
500,671440.9205,7893305.643
501,673195.1722,7893289.278
502,560067.4629,7894925.642
503,577606.0892,7894860.322
504,585498.6338,7894825.497
505,619701.14,7894635.63
506,621455.1895,7894624.186
507,624963.3132,7894600.799
508,625840.3493,7894594.848
509,634610.8289,7894533.049
510,665309.3816,7894283.952
511,666186.53,7894276.085
512,669695.1517,7894244.2
513,670572.3141,7894236.125
514,674080.9929,7894203.406
515,674958.1698,7894195.123
516,686361.7424,7894083.641
517,554808.6925,7895864.091
518,560947.4235,7895844.877
519,607428.3703,7895633.257
520,622338.3203,7895540.62
521,646897.2117,7895361.819
522,656545.8583,7895282.644
523,675844.1241,7895109.176
524,678475.8129,7895083.959
525,687248.3059,7894997.194
526,552180.4232,7896793.797
527,555688.4274,7896783.57
528,560950.462,7896766.982
529,608310.8114,7896550.326
530,621467.3053,7896468.618
531,623221.5381,7896457.017
532,634624.2578,7896377.549
533,553060.0668,7897713.397
534,561830.5523,7897686.177
535,608316.2095,7897472.51
536,617087.5943,7897419.099
537,633753.7787,7897306.158
538,660947.7597,7897089.645
539,662702.2945,7897074.303
540,557448.1588,7898622.406
541,558325.2514,7898619.664
542,561833.632,7898608.281
543,581130.0471,7898533.793
544,607444.4333,7898399.805
545,637269.3876,7898202.723
546,639901.1206,7898183.026
547,661833.089,7898004.324
548,664465.0348,7897981.133
549,681134.6179,7897825.557
550,559205.2924,7899538.981
551,610081.4355,7899306.535
552,610958.6566,7899301.302
553,614467.56,7899279.953
554,615344.7906,7899274.512
555,620608.2153,7899240.993
556,624117.2056,7899217.815
557,640785.3801,7899098.641
558,643417.2726,7899078.452
559,664473.2258,7898903.47
560,569734.4918,7900424.467
561,581138.1239,7900378.055
562,584646.9787,7900362.363
563,587278.6346,7900350.157
564,605700.6174,7900254.255
565,614473.2569,7900202.149
566,619736.9319,7900168.892
567,665358.8215,7899817.998
568,554825.0701,7901396.665
569,589914.7759,7901259.723
570,612724.3213,7901135.094
571,675896.693,7900643.435
572,676774.1822,7900635.09
573,555705.06,7902316.144
574,571495.9931,7902262.012
575,581146.1938,7902222.313
576,582900.793,7902214.556
577,588164.6241,7902190.288
578,589919.2463,7902181.867
579,595183.1492,7902155.607
580,619748.8424,7902013.306
581,673272.8606,7901590.586
582,675027.9116,7901574.109
583,677660.5102,7901549.083
584,561849.0109,7903218.79
585,562726.3267,7903215.846
586,590801.0716,7903099.738
587,591678.43,7903095.426
588,596065.2456,7903073.24
589,613612.9299,7902974.123
590,618877.3787,7902941.152
591,662750.885,7902608.284
592,670648.7887,7902537.344
593,673281.4744,7902512.95
594,677669.3423,7902471.462
595,682057.2849,7902428.936
596,563606.8026,7904134.962
597,564484.1643,7904131.936
598,565361.5269,7904128.869
599,592560.3874,7904013.218
600,596947.4289,7903990.833
601,611863.6856,7903906.969
602,612741.1287,7903901.662
603,628535.4423,7903799.052
604,667146.8859,7903491.63
605,669779.6682,7903467.743
606,671534.8706,7903451.611
607,672412.4761,7903443.483
608,549571.6135,7905099.822
609,567996.997,7905041.525
610,610991.7549,7904834.418
611,629419.3499,7904715.186
612,634684.5473,7904677.76
613,637317.1763,7904658.488
614,662767.0544,7904452.938
615,539922.3582,7906045.141
616,552206.3758,7906014.7
617,572387.6541,7905947.063
618,598712.0555,7905825.904
619,599589.5591,7905821.223
620,610119.7366,7905761.82
621,610997.2631,7905756.601
622,635568.8162,7905593.622
623,652243.3682,7905464.517
624,665408.136,7905352.017
625,569758.7405,7906879.235
626,572391.2444,7906869.174
627,606614.9372,7906704.457
628,637330.8042,7906502.985
629,638208.4389,7906496.483
630,553966.5999,7907853.862
631,555721.6503,7907848.689
632,607497.8293,7907621.579
633,663669.0345,7907212.212
634,556601.9813,7908768.129
635,557479.5524,7908765.44
636,569765.6554,7908723.447
637,571520.8308,7908716.786
638,574153.6029,7908706.484
639,609258.4614,7908533.532
640,646121.7453,7908280.641
641,657532.6373,7908187.559
642,661043.7696,7908157.51
643,663677.1473,7908134.538
644,673333.0804,7908047.117
645,558360.0146,7909684.8
646,560992.867,7909676.363
647,572402.006,7909635.502
648,603120.033,7909490.742
649,610141.5719,7909450.537
650,626818.2163,7909344.436
651,628573.6955,7909332.398
652,644373.4131,7909216.606
653,658418.2646,7909102.418
654,659296.0899,7909094.929
655,664563.0982,7909049.126
656,666318.7896,7909033.527
657,670708.0676,7908993.805
658,672463.7988,7908977.627
659,567139.5494,7910577.33
660,568017.2199,7910574.147
661,573283.2678,7910554.179
662,588203.9885,7910489.518
663,602247.4104,7910417.742
664,603125.1383,7910412.904
665,625946.7154,7910272.607
666,629457.848,7910248.541
667,635602.4145,7910204.831
668,643502.7364,7910145.653
669,654036.8053,7910061.534
670,654914.6609,7910054.255
671,656670.3799,7910039.573
672,661059.7238,7910002.143
673,667204.9196,7909948.003
674,668082.8158,7909940.103
675,669838.6168,7909924.178
676,562754.3181,7911514.72
677,566265.1585,7911502.57
678,574164.6161,7911472.815
679,577675.518,7911458.516
680,591719.3442,7911394.705
681,600496.9325,7911349.449
682,601374.7004,7911344.696
683,610152.4757,7911294.891
684,625952.9484,7911194.821
685,637364.8233,7911114.214
686,643509.8388,7911067.915
687,647021.3291,7911040.548
688,655800.2301,7910969.234
689,657556.0414,7910954.474
690,661067.6958,7910924.459
691,668969.0783,7910854.503
692,669847.0237,7910846.523
693,530281.2198,7912517.82
694,537303.0165,7912505.097
695,581190.4561,7912365.675
696,589968.2951,7912325.395
697,590846.0871,7912321.14
698,592601.6757,7912312.505
699,594357.2705,7912303.705
700,625081.314,7912122.943
701,632982.174,7912068.276
702,635615.8338,7912049.309
703,644394.8505,7911983.399
704,647028.6022,7911962.819
705,531160.4826,7913438.437
706,538182.6309,7913425.388
707,580316.6502,7913291.594
708,595239.7783,7913221.387
709,599629.0187,7913198.466
710,610163.3701,7913139.241
711,611041.2444,7913134.037
712,611919.1207,7913128.792
713,647035.8723,7912885.089
714,654937.6538,7912821.141
715,671619.9002,7912675.139
716,682156.5871,7912575.233
717,532039.8321,7914359.012
718,553985.2938,7914308.447
719,581198.4816,7914209.913
720,599633.9417,7914120.618
721,636507.2196,7913887.384
722,647043.1392,7913807.359
723,648799.1598,7913793.443
724,667238.0041,7913637.341
725,670750.3016,7913605.541
726,680409.3601,7913514.677
727,681287.4742,7913506.169
728,532919.2681,7915279.547
729,534674.9774,7915276.369
730,539942.1198,7915265.848
731,582080.3994,7915128.192
732,597005.0532,7915056.635
733,600516.8024,7915038.064
734,628611.8512,7914865.715
735,630367.8604,7914853.539
736,639148.0407,7914790.182
737,646172.353,7914736.521
738,654952.9661,7914665.727
739,664611.9427,7914583.082
740,666368.1557,7914567.518
741,540821.9939,7916186.017
742,555746.4566,7916147.451
743,582084.4512,7916050.31
744,638276.8393,7915718.946
745,677792.5989,7915384.693
746,678670.7908,7915376.315
747,536434.2846,7917117.153
748,565406.8288,7917038.236
749,582966.497,7916968.551
750,594380.5739,7916914.409
751,626868.3741,7916722.15
752,654090.1057,7916517.571
753,654968.2654,7916510.311
754,675166.6868,7916331.938
755,676923.1426,7916315.394
756,536436.0812,7918039.215
757,540826.021,7918030.148
758,555751.9561,7917991.611
759,565410.0544,7917960.328
760,582092.5496,7917894.544
761,597019.4133,7917823.068
762,611946.7498,7917739.674
763,653219.5068,7917447.074
764,655854.1156,7917425.303
765,685714.7651,7917152.596
766,688349.6937,7917126.241
767,513609.2709,7918991.804
768,556632.7513,7918911.053
769,566291.337,7918879.329
770,567169.3967,7918876.197
771,596146.0894,7918749.743
772,609317.8652,7918677.425
773,611074.1321,7918667.081
774,639175.5043,7918479.158
775,669914.1502,7918225.254
776,670792.4457,7918217.257
777,673427.3499,7918193.018
778,676062.2803,7918168.408
779,679575.5627,7918135.016
780,680453.8907,7918126.565
781,522390.5745,7919905.411
782,533805.4563,7919888.278
783,536439.6722,7919883.336
784,545220.4344,7919864.186
785,553123.1852,7919843.429
786,554001.2728,7919840.917
787,568050.81,7919795.118
788,569807.0216,7919788.652
789,607566.9055,7919609.766
790,608445.0776,7919604.7
791,610201.4275,7919594.443
792,630400.0156,7919464.639
793,631278.2402,7919458.5
794,638304.1178,7919407.91
795,646208.409,7919347.841
796,653234.6131,7919291.642
797,657626.0742,7919255.178
798,661139.2908,7919225.264
799,667287.5252,7919171.327
800,669044.1887,7919155.545
801,671679.2056,7919131.563
802,672557.5503,7919123.486
803,676949.3178,7919082.484
804,678706.0456,7919065.795
805,681341.1599,7919040.451
806,683976.3018,7919014.736
807,515366.8223,7920834.542
808,522391.6771,7920827.462
809,544344.5385,7920788.352
810,554882.0639,7920760.439
811,596155.5619,7920594.022
812,606693.9894,7920536.953
813,626015.1318,7920416.918
814,629528.1728,7920392.951
815,632162.9764,7920374.543
816,636554.3605,7920343.039
817,638310.9302,7920330.148
818,647093.9211,7920263.225
819,652363.8337,7920221.092
820,666417.3955,7920101.481
821,523270.9307,7921748.442
822,556641.1181,7921677.288
823,609334.0178,7921443.924
824,610212.2802,7921438.779
825,611968.8106,7921428.365
826,625143.0375,7921345.01
827,637439.4104,7921258.85
828,644466.1107,7921205.99
829,646222.8099,7921192.363
830,666425.5898,7921023.806
831,523272.0755,7922670.492
832,540836.0738,7922640.462
833,541714.2799,7922638.528
834,545227.1119,7922630.383
835,572452.0454,7922544.938
836,575086.7716,7922534.57
837,586504.0559,7922485.365
838,590017.1146,7922468.826
839,592651.9245,7922455.99
840,593530.1976,7922451.628
841,594408.4723,7922447.226
842,641838.0598,7922148.369
843,643594.8308,7922134.994
844,652378.8341,7922065.65
845,487265.6144,7923602.656
846,522394.9819,7923593.61
847,545229.3358,7923552.447
848,557524.9543,7923518.768
849,558403.2196,7923516.054
850,561916.2907,7923504.786
851,590899.853,7923386.715
852,593534.7971,7923373.76
853,626033.7351,7923183.532
854,637452.934,7923103.319
855,640966.6111,7923077.238
856,659414.0627,7922929.508
857,487264.9885,7924524.7
858,543474.9686,7924478.662
859,546109.8549,7924472.373
860,556649.4741,7924443.516
861,561041.0214,7924429.745
862,576850.8181,7924371.658
863,586512.5619,7924329.603
864,587390.9108,7924325.533
865,588269.2611,7924321.421
866,594417.7558,7924291.492
867,619890.9802,7924146.03
868,625161.5031,7924111.614
869,626918.3609,7924099.814
870,627796.7929,7924093.851
871,649758.335,7923931.424
872,650636.828,7923924.392
873,665571.6108,7923798.548
874,515370.6007,7925444.772
875,520640.5352,7925439.718
876,543477.1043,7925400.723
877,558408.9593,7925360.207
878,576854.5936,7925293.76
879,589151.9927,7925239.391
880,594422.3946,7925213.624
881,628681.5498,7925010.057
882,667336.9194,7924705.285
883,669094.1021,7924689.539
884,677880.1897,7924608.338
885,559290.223,7926279.531
886,560168.6198,7926276.737
887,562803.8161,7926268.111
888,577736.7874,7926212.246
889,579493.6311,7926204.892
890,581250.4801,7926197.375
891,588277.9325,7926165.662
892,611996.3335,7926039.211
893,627809.3492,7925938.264
894,629566.3926,7925926.226
895,632201.9741,7925907.859
896,648015.8993,7925789.89
897,655044.5655,7925733.182
898,666466.509,7925635.417
899,674374.2851,7925563.661
900,677010.2629,7925539.001
901,489898.3329,7927292.43
902,520642.5616,7927283.807
903,544359.797,7927242.79
904,561050.0136,7927195.981
905,580375.9997,7927123.26
906,584768.3553,7927103.96
907,589160.7466,7927083.633
908,596188.652,7927048.974
909,630451.3211,7926842.357
910,631329.8913,7926836.237
911,633087.0387,7926823.874
912,633965.6156,7926817.631
913,655052.1775,7926655.465
914,685806.1758,7926376.516
915,489897.8374,7928214.47
916,517129.7661,7928209.381
917,520643.5742,7928205.851
918,523278.934,7928202.773
919,528549.6645,7928195.508
920,546118.9096,7928160.621
921,562809.9795,7928112.27
922,588286.5965,7928009.899
923,610250.1913,7927893.93
924,625186.087,7927800.41
925,626064.6874,7927794.539
926,669119.0106,7927456.526
927,669997.7359,7927448.6
928,672633.9288,7927424.576
929,677906.3938,7927375.418
930,684936.5161,7927307.57
931,490775.8346,7929136.961
932,518887.5955,7929129.74
933,519766.0908,7929128.838
934,524158.5724,7929123.709
935,525037.0699,7929122.561
936,527672.565,7929118.868
937,574234.0397,7928992.744
938,578626.7792,7928974.895
939,582140.9947,7928959.877
940,583019.5519,7928956.02
941,587412.3597,7928936.119
942,588290.9256,7928932.016
943,596198.088,7928893.239
944,630464.1199,7928686.778
945,653309.9509,7928514.436
946,670006.0747,7928370.93
947,676157.5344,7928314.32
948,677036.3263,7928306.069
949,487261.239,7930056.949
950,528552.4634,7930039.601
951,535580.8207,7930027.626
952,538216.4642,7930022.458
953,573359.0908,7929918.282
954,574237.6779,7929914.837
955,578630.6327,7929896.995
956,586538.0364,7929862.295
957,597081.4277,7929810.858
958,623440.9962,7929656.412
959,631349.2148,7929602.875
960,636621.4599,7929565.336
961,638378.8933,7929552.495
962,639257.6135,7929546.012
963,648044.9474,7929478.931
964,653317.4669,7929436.711
965,659468.858,7929385.586
966,488139.1942,7930979.561
967,525039.5234,7930966.648
968,525918.1073,7930965.459
969,528553.862,7930961.646
970,531189.6211,7930957.465
971,539096.9283,7930942.706
972,547004.2892,7930924.626
973,570726.8013,7930850.46
974,571605.4277,7930847.139
975,572484.0555,7930843.777
976,591814.2017,7930759.437
977,627840.6928,7930549.282
978,628719.4289,7930543.295
979,631355.6505,7930525.086
980,637506.9127,7930481.164
981,640143.2025,7930461.724
982,641021.9705,7930455.162
983,652446.177,7930366.122
984,674417.0581,7930175.389
985,491653.1005,7931903.484
986,503953.7937,7931904.918
987,528555.26,7931883.691
988,532069.7786,7931878.035
989,539098.8425,7931864.757
990,546127.9488,7931848.857
991,554914.4029,7931825.292
992,566336.9342,7931788.53
993,586546.5133,7931706.519
994,605878.1375,7931607.78
995,609393.0668,7931587.695
996,626968.1764,7931477.427
997,641907.6906,7931370.799
998,645422.9685,7931343.987
999,646301.794,7931337.181
1000,652453.6434,7931288.393
1001,657726.7576,7931244.974
1002,666515.4962,7931169.326
1003,487259.3679,7932823.062
1004,489895.363,7932824.66
1005,506589.9792,7932826.216
1006,532071.3479,7932800.081
1007,532950.0218,7932798.565
1008,547008.8909,7932768.742
1009,555795.7835,7932744.777
1010,569855.0144,7932697.91
1011,576006.0195,7932674.107
1012,590065.7046,7932612.16
1013,611155.9827,7932499.566
1014,624337.9439,7932417.205
1015,626974.3913,7932399.625
1016,631368.5135,7932369.506
1017,641914.6372,7932293.038
1018,644551.2211,7932272.998
1019,657734.4792,7932167.261
1020,667402.5807,7932083.854
1021,670039.3944,7932060.244
1022,687618.8333,7931893.411
1023,488137.4529,7933745.672
1024,491652.2838,7933747.555
1025,533830.351,7933719.055
1026,540860.1127,7933705.132
1027,541738.8358,7933703.207
1028,563707.1833,7933641.78
1029,564585.9298,7933638.791
1030,569858.4315,7933619.993
1031,625222.8837,7933333.579
1032,626101.7425,7933327.721
1033,630496.069,7933297.819
1034,642800.4827,7933208.639
1035,649831.7864,7933154.072
1036,650710.7106,7933147.066
1037,654226.4331,7933118.635
1038,667410.7725,7933006.171
1039,672684.684,7932958.602
1040,684111.8576,7932850.468
1041,684990.8924,7932841.863
1042,489015.6239,7934668.239
1043,492530.6261,7934669.958
1044,506590.6238,7934670.285
1045,532953.2445,7934642.655
1046,542619.6433,7934623.293
1047,547013.4887,7934612.855
1048,555801.2408,7934588.908
1049,565467.8779,7934557.837
1050,583922.7559,7934484.763
1051,588316.8617,7934464.703
1052,589195.6873,7934460.568
1053,590953.343,7934452.175
1054,606772.5358,7934369.269
1055,621713.421,7934278.783
1056,622592.3145,7934273.091
1057,630502.4505,7934220.024
1058,655991.9389,7934026.452
1059,673572.1689,7933872.868
1060,682362.7174,7933789.925
1061,683241.7889,7933781.405
1062,685879.0224,7933755.6
1063,492530.2611,7935591.991
1064,507469.739,7935591.991
1065,534712.4622,7935561.548
1066,536470.0718,7935558.234
1067,549652.2315,7935528.158
1068,556682.7908,7935508.353
1069,557561.6149,7935505.693
1070,560198.093,7935497.468
1071,568107.5841,7935470.583
1072,576017.1685,7935440.383
1073,583926.8573,7935406.867
1074,588321.1779,7935386.814
1075,605898.8527,7935296.369
1076,606777.7543,7935291.417
1077,610293.3789,7935271.199
1078,612051.2023,7935260.844
1079,631387.7871,7935136.131
1080,643693.4373,7935046.446
1081,647209.4233,7935019.347
1082,648088.4259,7935012.47
1083,651604.4618,7934984.551
1084,652483.4772,7934977.469
1085,655999.5646,7934948.731
1086,680613.4135,7934729.204
1087,681492.5219,7934720.77
1088,464406.9949,7936481.956
1089,467922.3814,7936488.255
1090,468801.2266,7936489.728
1091,507470.1038,7936514.024
1092,547018.0825,7936456.964
1093,550533.5164,7936447.884
1094,557564.4264,7936427.759
1095,576899.7737,7936358.914
1096,584809.8611,7936325.043
1097,605025.0832,7936223.424
1098,629636.2068,7936070.489
1099,630515.2054,7936064.434
1100,650732.8135,7935913.854
1101,655128.1182,7935878.252
1102,668314.4338,7935765.303
1103,670072.6567,7935749.546
1104,463526.3663,7937402.324
1105,467041.9268,7937408.784
1106,492529.5316,7937436.056
1107,493408.4105,7937436.383
1108,494287.2893,7937436.669
1109,501318.3177,7937437.487
1110,508349.3475,7937435.688
1111,538231.4175,7937398.849
1112,539989.2039,7937395.21
1113,558446.1476,7937347.125
1114,566356.392,7937320.996
1115,576903.5281,7937281.005
1116,584814.0018,7937247.147
1117,586571.9003,7937239.173
1118,605030.2113,7937145.567
1119,610304.1525,7937115.508
1120,612941.1482,7937099.926
1121,650740.1747,7936836.115
1122,666564.3571,7936703.207
1123,667443.5044,7936695.434
1124,670960.1219,7936663.934
1125,671839.2836,7936655.956
1126,672718.4481,7936647.937
1127,678872.6823,7936590.661
1128,464403.5204,7938326.044
1129,465282.4537,7938327.678
1130,502197.3034,7938359.435
1131,504834.0679,7938358.945
1132,508349.7549,7938357.719
1133,551417.3958,7938289.626
1134,557570.0459,7938271.887
1135,567238.5945,7938239.965
1136,577786.26,7938199.498
1137,608551.4623,7938047.841
1138,609430.4982,7938042.771
1139,612067.6169,7938027.318
1140,627890.7024,7937926.87
1141,644593.6118,7937806.46
1142,651626.6745,7937751.342
1143,662176.5794,7937663.753
1144,663934.9346,7937648.582
1145,672726.88,7937570.269
1146,692949.4899,7937374.611
1147,693828.7717,7937365.613
1148,502197.4106,7939281.465
1149,503955.3392,7939281.179
1150,509229.1271,7939279.34
1151,516260.8537,7939274.601
1152,541751.0663,7939235.502
1153,576911.0322,7939125.185
1154,577790.0541,7939121.589
1155,602403.257,7939004.315
1156,612073.0838,7938949.475
1157,627896.9415,7938849.065
1158,691200.2662,7938314.884
1159,692079.5846,7938305.971
1160,506592.554,7940202.473
1161,510987.5931,7940200.431
1162,540874.0781,7940159.468
1163,549664.347,7940138.435
1164,557575.6605,7940116.013
1165,566366.102,7940087.219
1166,568124.2034,7940080.97
1167,578672.9126,7940040.044
1168,612957.6773,7939866.402
1169,644607.7177,7939650.941
1170,649883.0146,7939609.88
1171,672743.7329,7939414.931
1172,676260.9356,7939382.485
1173,689450.8798,7939254.979
1174,690330.2345,7939246.151
1175,467914.5582,7941098.455
1176,496923.3252,7941125.399
1177,509230.0267,7941123.399
1178,511867.1796,7941121.929
1179,558457.5483,7941035.38
1180,626151.0005,7940705.254
1181,643735.5156,7940579.879
1182,649890.3202,7940532.135
1183,655165.9659,7940489.617
1184,675390.1802,7940312.997
1185,685063.1757,7940220.878
1186,688580.7217,7940186.154
1187,467912.9955,7942020.493
1188,496923.1754,7942047.427
1189,522416.9051,7942034.409
1190,557581.2703,7941960.135
1191,586593.0059,7941849.696
1192,601539.0358,7941775.452
1193,620881.7064,7941661.854
1194,626157.1458,7941627.442
1195,641983.939,7941515.383
1196,643742.5181,7941502.115
1197,648139.0089,7941468.229
1198,649018.3145,7941461.33
1199,656052.8519,7941404.661
1200,662208.2109,7941352.931
1201,683313.3536,7941160.362
1202,684192.772,7941151.828
1203,468790.5787,7942943.998
1204,471428.0111,7942948.159
1205,510989.1985,7942966.516
1206,527692.8458,7942949.464
1207,570771.7039,7942837.523
1208,585718.0144,7942775.796
1209,599785.5129,7942706.926
1210,600664.7452,7942702.275
1211,639352.8734,7942457.201
1212,641111.5239,7942444.183
1213,647266.8766,7942397.334
1214,656060.4512,7942326.934
1215,683322.2818,7942082.729
1216,470547.4346,7943868.847
1217,482856.0054,7943883.975
1218,498681.2326,7943891.682
1219,519781.5394,7943881.406
1220,527694.1932,7943871.498
1221,539123.652,7943851.353
1222,557586.8752,7943804.254
1223,567258.2506,7943772.404
1224,570775.1475,7943759.599
1225,585722.1855,7943697.896
1226,637600.9291,7943392.273
1227,638480.2912,7943385.869
1228,654309.2259,7943263.607
1229,655188.6353,7943256.427
1230,662224.0061,7943197.515
1231,468787.5424,7944788.068
1232,469666.7726,7944789.495
1233,473183.6882,7944794.794
1234,474062.916,7944796.017
1235,483734.3953,7944806.778
1236,484613.6188,7944807.511
1237,498681.1684,7944813.707
1238,516265.6046,7944806.778
1239,520661.7263,7944802.498
1240,521540.9516,7944801.519
1241,523299.4034,7944799.441
1242,527695.54,7944793.53
1243,529453.9978,7944790.881
1244,556710.4232,7944728.962
1245,566382.2575,7944697.573
1246,571657.8596,7944678.373
1247,598036.5914,7944560.351
1248,608588.4808,7944502.865
1249,617381.9237,7944450.473
1250,618261.2786,7944445.01
1251,635848.8199,7944327.171
1252,636728.2202,7944320.851
1253,661352.4249,7944127.31
1254,675424.3421,7944002.346
1255,678062.9096,7943977.751
1256,678942.4381,7943969.471
1257,680701.5043,7943952.789
1258,681581.042,7943944.386
1259,687737.8929,7943884.426
1260,689497.0217,7943866.927
1261,467906.7518,7945708.635
1262,478458.0013,7945723.548
1263,499560.3682,7945735.772
1264,514507.8632,7945730.23
1265,515387.1291,7945729.538
1266,539127.4564,7945695.433
1267,557592.4753,7945648.369
1268,566385.4843,7945619.641
1269,598041.3574,7945482.472
1270,607714.3834,7945430.021
1271,612990.6713,7945399.332
1272,616508.2347,7945378.057
1273,652565.2549,7945122.365
1274,676312.4356,7944916.527
1275,677192.001,7944908.332
1276,679830.715,7944883.502
1277,685108.226,7944832.739
1278,686867.4212,7944815.492
1279,479336.2655,7946646.553
1280,484612.1234,7946651.563
1281,499560.3468,7946657.795
1282,529456.8606,7946634.945
1283,538250.0366,7946619.264
1284,557595.2735,7946570.426
1285,565509.3614,7946544.764
1286,571664.8248,7946522.523
1287,583096.5619,7946475.923
1288,612116.7332,7946326.699
1289,683357.956,7945772.186
1290,684237.5885,7945763.668
1291,479335.262,7947568.58
1292,528578.9337,7947558.32
1293,556718.6897,7947495.128
1294,572547.7046,7947441.259
1295,583100.5976,7947398.015
1296,597171.4421,7947331.232
1297,632350.5357,7947118.645
1298,633230.0551,7947112.495
1299,681607.5234,7946711.457
1300,682487.1926,7946703.023
1301,478454.8629,7948489.629
1302,486369.4169,7948496.954
1303,500439.6959,7948501.838
1304,531218.5223,7948476.198
1305,534736.1318,7948470.093
1306,535615.5356,7948468.465
1307,540891.9717,7948457.842
1308,556721.4428,7948417.182
1309,572551.2262,7948363.333
1310,595417.1964,7948262.264
1311,597176.1593,7948253.349
1312,606850.576,7948201.407
1313,652587.4904,7947889.138
1314,661383.7895,7947816.455
1315,674578.7572,7947699.786
1316,706249.4984,7947382.347
1317,478453.8176,7949411.654
1318,486368.7556,7949418.977
1319,499560.2828,7949423.859
1320,501319.1518,7949423.818
1321,505716.3251,7949423.005
1322,525943.3822,7949406.162
1323,527702.2652,7949403.68
1324,540014.5052,7949381.751
1325,557603.6608,7949336.591
1326,573434.2321,7949282.03
1327,597180.8744,7949175.465
1328,605976.2168,7949128.467
1329,612133.0628,7949093.145
1330,629724.5832,7948981.234
1331,642918.7956,7948886.61
1332,645557.702,7948866.586
1333,648196.6307,7948846.195
1334,650835.582,7948825.437
1335,651715.2376,7948818.436
1336,660511.9375,7948746.188
1337,699220.8587,7948379.88
1338,707139.3586,7948295.229
1339,482850.1769,7950338.152
1340,487247.5736,7950341.609
1341,499560.2615,7950345.879
1342,506596.0797,7950344.74
1343,526824.1241,7950326.968
1344,532980.525,7950317.289
1345,540895.9385,7950301.917
1346,554967.9309,7950266.453
1347,556726.9454,7950261.288
1348,562883.5277,7950241.929
1349,568160.6396,7950223.749
1350,572558.2647,7950207.48
1351,598065.1566,7950093.066
1352,611258.9035,7950020.459
1353,630610.5161,7949897.403
1354,646444.4456,7949782.066
1355,647324.1313,7949775.272
1356,649083.5099,7949761.561
1357,649963.2032,7949754.644
1358,658760.2773,7949683.239
1359,675475.474,7949536.346
1360,677235.0293,7949520.029
1361,679874.3848,7949495.246
1362,698350.6664,7949311.5
1363,702749.9951,7949265.101
1364,707149.41,7949217.683
1365,480210.7764,7951257.613
1366,484608.3904,7951261.678
1367,508355.4401,7951266.068
1368,527704.9512,7951247.734
1369,563766.1341,7951161.061
1370,568163.9434,7951145.815
1371,572561.7816,7951129.553
1372,592792.2634,7951041.651
1373,598069.9102,7951015.182
1374,605986.494,7950972.733
1375,612143.9374,7950937.439
1376,626218.4524,7950849.281
1377,627977.8042,7950837.528
1378,629737.1647,7950825.613
1379,658767.975,7950605.513
1380,676363.8018,7950450.542
1381,680762.9413,7950409.254
1382,684282.308,7950375.49
1383,702759.8284,7950187.537
1384,485487.2093,7952184.389
1385,504837.5936,7952189.306
1386,505717.1563,7952189.062
1387,525067.586,7952173.417
1388,526826.7237,7952171.02
1389,552334.4875,7952117.988
1390,591917.1143,7951968.024
1391,592796.7592,7951963.757
1392,597195.0073,7951941.809
1393,624465.14,7951783.045
1394,625344.8532,7951777.273
1395,629743.4513,7951747.802
1396,657895.8648,7951535.105
1397,668453.7024,7951444.6
1398,669333.5404,7951436.793
1399,671093.2252,7951421.058
1400,699249.8459,7951147.143
1401,701889.6993,7951119.325
1402,502199.0125,7953111.811
1403,516272.708,7953104.987
1404,524189.1889,7953096.579
1405,537383.4032,7953075.253
1406,539142.6414,7953071.718
1407,540022.2616,7953069.89
1408,540901.8824,7953068.022
1409,552337.0217,7953040.033
1410,555855.5547,7953030.04
1411,589282.5125,7952902.681
1412,598079.4113,7952859.413
1413,604237.3387,7952826.707
1414,628869.9685,7952675.963
1415,657903.5133,7952457.375
1416,667581.9849,7952374.668
1417,670221.6271,7952351.257
1418,674621.0889,7952311.425
1419,676380.8942,7952295.208
1420,677260.8014,7952287.038
1421,693099.6608,7952133.02
1422,696619.5488,7952097.003
1423,488124.7519,7954030.255
1424,492522.9943,7954032.488
1425,498680.5286,7954033.909
1426,499560.1763,7954033.95
1427,501319.4713,7954033.909
1428,502199.119,7954033.828
1429,509236.3022,7954031.716
1430,510995.5993,7954030.783
1431,515393.8456,7954027.737
1432,518912.4471,7954024.57
1433,521551.4017,7954021.768
1434,563775.3978,7953927.236
1435,591926.0148,7953812.229
1436,597204.4191,7953786.035
1437,605122.1379,7953744
1438,612160.2315,7953703.873
1439,628876.2071,7953598.148
1440,640313.9034,7953517.356
1441,649112.404,7953450.533
1442,656151.3865,7953394.147
1443,657031.2712,7953386.916
1444,667590.099,7953296.969
1445,691349.0023,7953073.172
1446,692229.0055,7953064.314
1447,493402.3232,7954954.829
1448,494282.0136,7954955.113
1449,497800.7747,7954955.844
1450,500439.8451,7954955.965
1451,508357.0581,7954954.139
1452,522432.139,7954942.774
1453,523311.8342,7954941.719
1454,538266.7248,7954917.568
1455,551462.3704,7954886.516
1456,552342.0866,7954884.121
1457,557620.4027,7954868.899
1458,562898.7542,7954852.216
1459,588411.3873,7954750.975
1460,603367.6335,7954675.75
1461,606007.0217,7954661.256
1462,613045.4708,7954620.82
1463,628002.5933,7954526.26
1464,639440.8136,7954446.027
1465,641200.5746,7954433.074
1466,649999.5261,7954365.871
1467,655279.0185,7954323.597
1468,486364.1348,7955873.112
1469,508357.4622,7955876.155
1470,515395.3345,7955871.773
1471,539148.3221,7955837.812
1472,584016.6398,7955692.953
1473,588415.6625,7955673.069
1474,591934.9076,7955656.431
1475,603372.6322,7955597.873
1476,613050.9377,7955542.964
1477,641207.4039,7955355.291
1478,664966.3166,7955164.587
1479,665846.3138,7955156.955
1480,687847.2006,7954952.945
1481,689607.3547,7954935.526
1482,486363.4758,7956795.128
1483,496041.0116,7956799.589
1484,497800.5621,7956799.873
1485,515396.0785,7956793.789
1486,524193.8685,7956784.664
1487,549707.7462,7956735.263
1488,550587.5456,7956732.951
1489,584900.5447,7956611.145
1490,585780.3902,7956607.21
1491,587540.0858,7956599.219
1492,591059.495,7956582.75
1493,602497.751,7956524.741
1494,613936.3018,7956459.874
1495,628014.9717,7956370.621
1496,643854.1451,7956257.788
1497,646494.0821,7956237.704
1498,685215.9487,7955901.129
1499,686976.1688,7955883.961
1500,485482.9976,7957716.494
1501,514517.0024,7957716.494
1502,525074.8607,7957705.548
1503,557628.7573,7957635.043
1504,583144.8742,7957540.976
1505,591943.7926,7957500.63
1506,641221.0534,7957199.723
1507,669382.7048,7956970.63
1508,675543.4427,7956914.973
1509,547952.7809,7958583.837
1510,562910.9115,7958540.431
1511,584028.8165,7958459.208
1512,591948.2322,7958422.728
1513,602507.6524,7958368.98
1514,618347.262,7958277.409
1515,626267.3062,7958226.695
1516,638587.7252,7958141.276
1517,640347.8219,7958128.424
1518,662349.8755,7957954.08
1519,668510.7501,7957900.718
1520,670271.0256,7957885.107
1521,676432.082,7957829.187
1522,683473.4699,7957762.843
1523,514518.4039,7959560.522
1524,539155.8849,7959525.926
1525,547955.095,7959505.872
1526,555874.4534,7959484.36
1527,563793.8889,7959459.566
1528,578753.0716,7959403.777
1529,581392.9655,7959392.716
1530,601632.5964,7959295.799
1531,613952.8085,7959226.307
1532,616592.902,7959210.382
1533,617472.9372,7959204.992
1534,626273.401,7959148.869
1535,637714.3277,7959069.845
1536,656196.6764,7958927.713
1537,662357.7133,7958876.359
1538,671159.4308,7958799.549
1539,676440.6002,7958751.514
1540,683482.3285,7958685.196
1541,484600.9488,7960481.847
1542,488120.7361,7960484.358
1543,515399.0513,7960481.847
1544,525078.491,7960471.602
1545,533878.0259,7960458.036
1546,555877.1485,7960406.403
1547,590197.0551,7960275.306
1548,614838.3776,7960143.184
1549,615718.4513,7960137.877
1550,625399.3948,7960076.834
1551,634200.4763,7960017.084
1552,637720.9721,7959992.048
1553,644762.0773,7959940.032
1554,655324.0334,7959857.142
1555,668527.0175,7959745.317
1556,483720.2165,7961403.131
1557,489000.1521,7961406.895
1558,514519.8041,7961404.548
1559,524199.7066,7961394.752
1560,534759.658,7961378.479
1561,555879.8424,7961328.444
1562,574360.4466,7961265.534
1563,577880.6208,7961251.527
1564,578760.6676,7961247.924
1565,590201.404,7961197.399
1566,621004.7697,7961027.347
1567,624525.3032,7961004.753
1568,625405.4418,7960999.003
1569,645649.2501,7960855.573
1570,656211.7468,7960772.228
1571,659732.6629,7960743.15
1572,662373.3786,7960720.915
1573,667654.8849,7960675.351
1574,488999.622,7962328.906
1575,489879.653,7962329.391
1576,579644.5538,7962166.354
1577,591085.8603,7962115.322
1578,621010.6018,7961949.505
1579,623651.1261,7961932.627
1580,635973.8298,7961849.041
1581,636854.0398,7961842.767
1582,658860.0874,7961672.745
1583,662381.206,7961643.192
1584,667662.9672,7961597.645
1585,678226.8015,7961502.175
1586,679107.1404,7961493.955
1587,680867.8275,7961477.395
1588,498679.8916,7963254.03
1589,514521.2031,7963248.57
1590,537403.2617,7963217.546
1591,555005.1248,7963175.074
1592,578768.257,7963092.068
1593,590210.0961,7963041.582
1594,634219.8826,7962783.659
1595,635980.3806,7962771.237
1596,659748.0597,7962587.685
1597,661508.7039,7962572.914
1598,666790.7029,7962527.628
1599,477557.0364,7964162.938
1600,478437.1556,7964163.949
1601,483717.8641,7964169.164
1602,499559.9427,7964176.078
1603,538285.1908,7964137.829
1604,554127.6293,7964099.619
1605,573491.0247,7964035.125
1606,579652.2246,7964010.499
1607,589334.2466,7963967.796
1608,591094.6334,7963959.507
1609,634226.3458,7963705.85
1610,643909.6676,7963635.552
1611,657995.0349,7963524.555
1612,658875.3926,7963517.274
1613,476675.7944,7965083.899
1614,482836.9211,7965090.406
1615,491638.5069,7965096.266
1616,498679.7646,7965098.045
1617,500440.0785,7965098.085
1618,501320.2354,7965098.045
1619,511001.9667,7965094.933
1620,514522.6008,7965092.588
1621,532125.8501,7965071.167
1622,533006.0173,7965069.672
1623,555010.4197,7965019.15
1624,572614.3525,7964960.541
1625,588458.312,7964893.967
1626,591099.0171,7964881.598
1627,631591.8218,7964646.355
1628,633352.4758,7964634.185
1629,641275.5325,7964577.419
1630,643036.238,7964564.359
1631,675611.1747,7964293.551
1632,489877.7046,7966017.425
1633,490757.9047,7966017.869
1634,496919.3024,7966019.849
1635,497799.5018,7966019.97
1636,502200.4983,7966019.97
1637,503080.6976,7966019.849
1638,511002.4958,7966016.94
1639,514523.2993,7966014.597
1640,533887.8147,7965990.154
1641,534768.0255,7965988.578
1642,537408.6612,7965983.609
1643,554132.8372,7965943.691
1644,568216.6083,7965898.763
1645,591983.6793,7965799.485
1646,601666.8713,7965750.592
1647,628957.0611,7965586.48
1648,630717.7863,7965574.558
1649,639521.5485,7965512.52
1650,640401.9376,7965506.094
1651,661532.0283,7965339.729
1652,662412.4818,7965332.291
1653,665934.3235,7965302.136
1654,667695.2613,7965286.815
1655,676500.1241,7965207.785
1656,476673.5515,7966927.921
1657,481074.7811,7966932.767
1658,481955.0261,7966933.615
1659,494278.429,7966941.248
1660,496919.1543,7966941.854
1661,515404.2411,7966935.917
1662,517164.7294,7966934.423
1663,530368.4374,7966918.067
1664,535649.9503,7966908.98
1665,536530.2045,7966907.324
1666,567339.6016,7966823.925
1667,572621.3359,7966804.66
1668,628082.86,7966514.552
1669,636886.9772,7966453.752
1670,638647.8283,7966441.106
1671,655376.4019,7966312.909
1672,665942.3034,7966224.42
1673,676508.6126,7966130.106
1674,503080.9937,7967863.858
1675,505721.8459,7967863.253
1676,509242.9835,7967861.88
1677,510123.2684,7967861.436
1678,518045.841,7967855.623
1679,603437.4165,7967585.403
1680,625447.6965,7967454.168
1681,636013.0918,7967382.206
1682,645698.3304,7967311.128
1683,658905.9628,7967206.321
1684,659786.4929,7967199.01
1685,662428.0992,7967176.836
1686,665069.7304,7967154.298
1687,675636.5131,7967060.506
1688,478431.9726,7968773.998
1689,495158.2058,7968785.499
1690,506602.4471,7968784.974
1691,511004.0817,7968782.957
1692,517166.3785,7968778.437
1693,551499.5809,7968717.058
1694,567346.0713,7968668.025
1695,570867.5611,7968655.353
1696,587594.9184,7968586.34
1697,600801.1029,7968521.561
1698,621931.8244,7968399.017
1699,622812.2958,7968393.407
1700,626334.2021,7968370.56
1701,661555.3221,7968106.537
1702,477550.5643,7969694.997
1703,492516.8671,7969706.655
1704,495157.9734,7969707.502
1705,501320.5526,7969708.067
1706,566468.8922,7969593.14
1707,603447.3506,7969429.627
1708,623698.7078,7969309.914
1709,627220.7919,7969286.914
1710,636026.1561,7969226.588
1711,644831.7528,7969162.224
1712,645712.3257,7969155.565
1713,658921.2278,7969050.84
1714,661563.0799,7969028.804
1715,492516.5081,7970628.657
1716,506603.0808,7970628.98
1717,509244.3145,7970627.891
1718,517168.026,7970622.448
1719,538298.0689,7970591.964
1720,552384.9607,7970558.737
1721,623704.6438,7970232.071
1722,635152.0952,7970154.99
1723,665093.5117,7969921.136
1724,667735.5492,7969898.261
1725,506603.3974,7971550.982
1726,511005.6656,7971548.966
1727,518049.3051,7971543.646
1728,537419.4387,7971515.713
1729,553267.9526,7971478.348
1730,555909.3979,7971470.851
1731,587607.5278,7971352.58
1732,624591.1795,7971148.543
1733,635158.5779,7971077.176
1734,657175.0892,7970909.833
1735,497798.7623,7972473.99
1736,505723.2185,7972473.264
1737,508364.7051,7972472.298
1738,511886.6893,7972470.444
1739,517169.6722,7972466.455
1740,518050.1702,7972465.65
1741,570881.1595,7972343.563
1742,571761.7038,7972340.299
1743,583208.898,7972294.202
1744,627239.0991,7972053.411
1745,636045.7312,7971993.155
1746,663347.8351,7971780.728
1747,507484.568,7973394.66
1748,533900.8265,7973366.266
1749,626364.5029,7972981.376
1750,634290.8215,7972927.712
1751,635171.5349,7972921.547
1752,488992.7526,7974314.969
1753,503962.6075,7974317.706
1754,505723.7668,7974317.264
1755,508365.5064,7974316.297
1756,523335.4006,7974303.978
1757,586739.4673,7974122.799
1758,606994.8952,7974020.924
1759,626370.555,7973903.537
1760,633416.5003,7973856.015
1761,477544.1092,7975227.028
1762,514530.2667,7975234.634
1763,536545.9731,7975205.457
1764,547994.2799,7975180.345
1765,551516.8622,7975171.249
1766,571772.0134,7975106.453
1767,589385.7095,7975032.798
1768,607000.0168,7974943.038
1769,612284.4462,7974912.969
1770,634303.6827,7974772.075
1771,643992.5875,7974702.105
1772,500440.3318,7976162.104
1773,534786.3694,7976130.726
1774,548877.2623,7976100.153
1775,587628.5065,7975962.963
1776,607885.9119,7975860.243
1777,624621.0183,7975759.325
1778,643118.6141,7975630.873
1779,644880.344,7975617.713
1780,646642.0837,7975604.392
1781,657212.7374,7975521.082
1782,496917.5297,7977083.859
1783,501321.0586,7977084.06
1784,502201.7645,7977083.98
1785,514531.6565,7977078.632
1786,534788.0326,7977052.735
1787,548879.5992,7977022.173
1788,553283.2549,7977010.511
1789,570898.1238,7976953.808
1790,585871.139,7976892.961
1791,586751.9171,7976889.019
1792,607891.0711,7976782.358
1793,632554.7754,7976628.624
1794,646649.0974,7976526.607
1795,655458.371,7976457.612
1796,656339.3127,7976450.491
1797,499559.6261,7978006.096
1798,501321.1218,7978006.056
1799,515413.101,7977999.946
1800,531266.6612,7977980.772
1801,553285.8013,7977932.536
1802,570020.7162,7977879.071
1803,584994.4245,7977818.931
1804,609657.9536,7977694.541
1805,645775.1526,7977455.496
1806,498678.8151,7978928.051
1807,525983.3673,7978910.612
1808,527744.9612,7978908.161
1809,530387.3556,7978904.183
1810,548884.2702,7978866.212
1811,586760.2077,7978733.163
1812,606139.5804,7978636.351
1813,610544.1001,7978611.634
1814,624638.8901,7978525.785
1815,643139.1403,7978397.484
1816,644020.1303,7978390.932
1817,645782.118,7978377.707
1818,663402.5635,7978236.607
1819,501321.2479,7979850.044
1820,512772.0713,7979845.867
1821,513652.905,7979845.265
1822,527746.2858,7979830.163
1823,546244.0422,7979794.737
1824,555052.6118,7979771.642
1825,555933.4737,7979769.111
1826,570027.4043,7979723.159
1827,585883.446,7979659.17
1828,622882.8806,7979459.227
1829,623763.8602,7979453.602
1830,642264.9465,7979326.196
1831,664291.4608,7979151.398
1832,502202.1851,7980771.957
1833,511891.8052,7980768.424
1834,548008.0402,7980712.456
1835,556817.0477,7980688.566
1836,570030.7462,7980645.202
1837,607030.6989,7980475.708
1838,608792.6732,7980465.869
1839,618483.6682,7980408.883
1840,620245.693,7980398
1841,622888.7458,7980381.374
1842,644914.9604,7980228.754
1843,661655.9078,7980095.96
1844,663418.1692,7980081.137
1845,511892.3724,7981690.418
1846,548891.2688,7981632.264
1847,568272.1616,7981573.546
1848,570915.0508,7981564.034
1849,581486.7212,7981522.371
1850,602630.6907,7981421.701
1851,606154.7783,7981402.674
1852,609678.8951,7981383.004
1853,616727.2197,7981341.737
1854,617608.2692,7981336.398
1855,622013.5467,7981309.1
1856,643159.6393,7981164.089
1857,644040.7556,7981157.544
1858,660782.4528,7981025.566
1859,511011.9801,7982612.933
1860,542726.7506,7982568.883
1861,543607.7267,7982566.918
1862,566513.4121,7982501.723
1863,580609.5844,7982448.121
1864,585014.7078,7982429.264
1865,612327.3581,7982289.95
1866,613208.4396,7982284.814
1867,616732.7855,7982263.867
1868,621138.263,7982236.78
1869,533918.6432,7983508.337
1870,548895.9294,7983476.295
1871,566516.5816,7983423.759
1872,584137.6895,7983355.178
1873,585899.83,7983347.438
1874,614976.088,7983196.546
1875,615857.2175,7983191.291
1876,622025.1801,7983153.385
1877,640529.7035,7983027.864
1878,641410.8966,7983021.446
1879,521585.5647,7984448.017
1880,533039.2057,7984431.862
1881,540968.7035,7984416.709
1882,550660.3903,7984393.78
1883,565638.6653,7984348.801
1884,621149.8074,7984081.06
1885,622030.993,7984075.526
1886,521586.5922,7985370.011
1887,527754.2211,7985362.157
1888,533921.8732,7985352.34
1889,551543.9111,7985313.471
1890,585908.0112,7985191.567
1891,610581.0015,7985066.445
1892,613224.6185,7985051.175
1893,621155.5757,7985003.198
1894,632611.7026,7984928.164
1895,633492.9586,7984922.111
1896,637899.2733,7984891.246
1897,638780.5432,7984884.952
1898,522468.7499,7986291.002
1899,526874.4085,7986285.395
1900,533042.3505,7986275.862
1901,540972.6031,7986260.721
1902,549784.0621,7986240.092
1903,563882.5802,7986198.754
1904,564763.7463,7986195.83
1905,581506.1292,7986132.659
1906,585030.9022,7986117.516
1907,605298.829,7986018.004
1908,609705.0201,7985993.566
1909,611467.5095,7985983.51
1910,612348.7572,7985978.422
1911,634380.6121,7985838.19
1912,637024.5268,7985819.678
1913,511014.6013,7987222.884
1914,520707.4739,7987214.957
1915,523350.9912,7987211.954
1916,526875.6865,7987207.39
1917,533043.9219,7987197.86
1918,563004.4115,7987123.666
1919,581510.0056,7987054.714
1920,585034.9463,7987039.577
1921,601778.7494,7986958.927
1922,604422.5627,7986944.87
1923,510133.9142,7988145.353
1924,518946.0313,7988138.749
1925,519827.2446,7988137.868
1926,524233.3162,7988132.866
1927,532164.2727,7988121.339
1928,548026.3305,7988088.56
1929,611478.111,7987827.737
1930,516303.1679,7989063.139
1931,525996.9827,7989052.577
1932,580636.438,7988902.503
1933,610602.0369,7988754.891
1934,617653.0627,7988713.434
1935,510134.8769,7989989.326
1936,563013.3922,7989889.745
1937,618540.0797,7989630.2
1938,516304.7159,7990907.114
1939,546270.4591,7990858.863
1940,547151.8155,7990856.744
1941,549795.8895,7990850.148
1942,562135.0099,7990814.609
1943,576237.12,7990764.396
1944,580644.0951,7990746.605
1945,605323.8489,7990628.498
1946,610612.5405,7990599.11
1947,617664.2363,7990557.685
1948,508373.0831,7991834.135
1949,531288.9942,7991810.759
1950,548035.4514,7991776.593
1951,562137.9577,7991736.632
1952,578003.6066,7991679.445
1953,581529.3621,7991664.978
1954,606210.332,7991545.799
1955,609736.2938,7991526.214
1956,530409.0498,7992734.15
1957,533053.3354,7992729.836
1958,544511.9706,7992706.987
1959,561259.4483,7992661.45
1960,576244.3522,7992608.48
1961,581533.2282,7992587.028
1962,618556.9545,7992396.58
1963,511899.723,7993676.264
1964,530410.491,7993656.141
1965,619444.1728,7993313.313
1966,508374.2736,7994600.083
1967,561265.2537,7994505.489
1968,573606.9071,7994462.74
1969,595646.2172,7994366.939
1970,608870.2807,7994297.478
1971,507493.1255,7995522.423
1972,516308.5798,7995517.037
1973,523360.9627,7995509.856
1974,528650.2663,7995502.794
1975,532176.4785,7995497.289
1976,559504.9955,7995432.974
1977,561268.1545,7995427.508
1978,572728.7963,7995388.087
1979,576255.1884,7995374.601
1980,600940.575,7995262.317
1981,607993.7777,7995224.488
1982,546283.6149,7996390.883
1983,548046.8297,7996386.616
1984,607117.1907,7996151.453
1985,511901.9761,7997364.19
1986,545404.1563,7997314.957
1987,548930.7526,7997306.426
1988,556865.6451,7997284.898
1989,557747.3046,7997282.307
1990,563037.2824,7997265.921
1991,598304.9555,7997120
1992,619466.7946,7997001.814
1993,511020.8685,7998286.687
1994,556868.3336,7998206.909
1995,562158.5554,7998190.769
1996,617708.8315,7997934.66
1997,618590.6366,7997929.319
1998,533064.2862,7999183.77
1999,555989.2791,7999131.468
2000,563043.2416,7999109.958
2001,507494.8969,8000132.316
2002,511021.9098,8000130.643
2003,531302.3228,8000108.665
2004,533947.6111,8000104.245
2005,534829.3751,8000102.692
2006,572745.9907,7999998.247
2007,587736.8515,7999936.643
2008,599200.7411,7999881.766
2009,615956.1845,7999789.45
2010,510140.635,8001053.098
2011,531303.8004,8001030.65
2012,535712.8253,8001023.088
2013,555994.5668,8000975.484
2014,571867.58,8000923.54
2015,588622.8635,8000854.716
2016,593032.2358,8000834.216
2017,615961.6595,8000711.563
2018,529541.5882,8001955.38
2019,535714.5104,8001945.076
2020,555115.3432,8001899.998
2021,576280.4169,8001828.856
2022,594800.4692,8001747.803
2023,523369.7929,8002885.715
2024,525133.5588,8002883.527
2025,527779.2109,8002879.948
2026,528661.0958,8002878.675
2027,530424.8673,8002876.011
2028,545417.0213,8002846.939
2029,577165.9492,8002747.429
2030,592159.0531,8002682.517
2031,593041.014,8002678.341
2032,595686.9062,8002665.573
2033,612444.5844,8002576.392
2034,614208.5892,8002566.168
2035,519843.2012,8003811.589
2036,522488.9706,8003808.727
2037,526016.6686,8003804.354
2038,526898.5942,8003803.161
2039,544537.2235,8003770.961
2040,570113.813,8003696.021
2041,571877.7489,8003689.62
2042,595691.4171,8003587.639
2043,570999.1254,8004614.864
2044,589521.6178,8004538.917
2045,590403.6571,8004534.863
2046,610691.0209,8004430.651
2047,527783.1374,8005645.889
2048,553361.6722,8005592.899
2049,526902.3943,8006569.098
2050,528666.4961,8006566.597
2051,572769.9986,8006452.437
2052,587765.8079,8006391.005
2053,595704.9378,8006353.834
2054,524257.3861,8007494.529
2055,528667.8447,8007488.575
2056,534842.5078,8007478.573
2057,550720.3604,8007443.923
2058,551602.4708,8007441.621
2059,556895.1524,8007426.975
2060,571891.2862,8007377.716
2061,610706.654,8007196.939
2062,529551.3273,8008409.244
2063,534844.1461,8008400.555
2064,548076.2949,8008372.584
2065,549840.5944,8008368.18
2066,609829.6153,8008123.993
2067,522495.3206,8009340.58
2068,528670.54,8009332.53
2069,556900.5018,8009270.978
2070,565722.5474,8009243.414
2071,569251.3965,8009231.278
2072,571015.8281,8009224.972
2073,592189.4243,8009136.92
2074,593071.6759,8009132.755
2075,613363.9355,8009026.013
2076,525143.0215,8010259.342
2077,536611.8638,8010241.305
2078,556020.9344,8010195.516
2079,563961.1342,8010171.254
2080,564843.384,8010168.36
2081,570136.9064,8010150.163
2082,591311.4639,8010063.098
2083,518086.16,8011189.082
2084,536613.5827,8011163.285
2085,545436.2542,8011144.859
2086,562199.5584,8011098.929
2087,563081.8473,8011096.116
2088,571904.7993,8011065.799
2089,537497.6064,8012083.601
2090,556026.1938,8012039.513
2091,571025.8319,8011991.027
2092,591320.0371,8011907.201
2093,609850.2517,8011812.355
2094,610732.6625,8011807.402
2095,522499.5444,8013028.467
2096,536617.0183,8013007.244
2097,545440.5177,8012988.832
2098,571029.1634,8012913.044
2099,582500.2479,8012868.257
2100,528677.2676,8013942.402
2101,537501.1232,8013927.56
2102,554266.6394,8013888.455
2103,583386.5579,8013786.57
2104,586033.8927,8013775.17
2105,519854.3919,8014875.254
2106,523384.0747,8014871.377
2107,529561.0358,8014863.068
2108,568388.4312,8014766.452
2109,569270.8936,8014763.366
2110,586920.4136,8014693.332
2111,589567.8903,8014681.461
2112,590450.3857,8014677.425
2113,607218.1106,8014593.22
2114,523385.1699,8015793.345
2115,537504.6368,8015771.515
2116,552506.7533,8015737.227
2117,553389.2382,8015734.854
2118,554271.7239,8015732.442
2119,591337.1605,8015595.398
2120,520738.7539,8016718.278
2121,524268.7688,8016714.245
2122,529563.8041,8016707.011
2123,538388.9052,8016691.792
2124,539271.4187,8016690.052
2125,555156.7926,8016651.983
2126,588693.7026,8016529.543
2127,524269.9043,8017636.213
2128,530447.7361,8017627.638
2129,540155.8116,8017610.251
2130,554276.8039,8017576.425
2131,577223.9557,8017499.878
2132,585167.3969,8017467.156
2133,587815.2366,8017455.537
2134,601054.6477,8017392.105
2135,603702.5754,8017378.351
2136,604585.2215,8017373.687
2137,518975.5237,8018563.986
2138,523388.4524,8018559.246
2139,549866.3029,8018510.068
2140,554279.3422,8018498.416
2141,564870.7358,8018466.42
2142,599294.0151,8018323.138
2143,605472.8024,8018291.058
2144,530450.5832,8019471.577
2145,553399.2284,8019422.814
2146,564873.7681,8019388.422
2147,578996.5418,8019336.931
2148,599298.6569,8019245.198
2149,523390.6382,8020403.176
2150,529569.3332,8020394.887
2151,582531.1432,8020244.507
2152,598420.5371,8020171.679
2153,524274.441,8021324.074
2154,530453.4277,8021315.513
2155,553404.2168,8021266.79
2156,562231.5948,8021240.947
2157,563114.3382,8021238.146
2158,582534.9973,8021166.535
2159,597542.3345,8021098.116
2160,600190.7365,8021084.858
2161,518979.069,8022251.835
2162,540165.1925,8022220.128
2163,581656.0374,8022092.23
2164,597546.8875,8022020.171
2165,599312.5695,8022011.375
2166,518097.1635,8023174.623
2167,530456.2696,8023159.446
2168,551643.5718,8023115.453
2169,599317.2029,8022933.432
2170,531340.5275,8024080.032
2171,551645.9797,8024037.436
2172,581663.6545,8023936.279
2173,598438.9099,8023859.903
2174,516333.1055,8025020.076
2175,517215.978,8025019.328
2176,518098.8507,8025018.54
2177,556062.8771,8024947.404
2178,556945.778,8024944.884
2179,558711.5829,8024939.723
2180,580784.5262,8024861.926
2181,594028.6959,8024803.427
2182,594911.6531,8024799.212
2183,598443.498,8024781.957
2184,517216.7798,8025941.285
2185,532226.3686,8025922.544
2186,557831.3737,8025864.312
2187,571075.6483,8025821.197
2188,573724.5348,8025811.51
2189,574607.4995,8025808.203
2190,576373.4328,8025801.469
2191,580788.2893,8025783.947
2192,593150.0796,8025729.646
2193,597565.0791,8025708.381
2194,515451.6723,8026864.698
2195,518100.5363,8026862.455
2196,533110.8312,8026843.052
2197,533993.7942,8026841.557
2198,548121.2917,8026812.275
2199,571961.9595,8026740.014
2200,575493.9802,8026726.867
2201,577259.9984,8026720.058
2202,593154.4167,8026651.688
2203,596686.5774,8026634.762
2204,525165.3596,8027776.7
2205,534878.3806,8027761.987
2206,580795.8105,8027627.987
2207,591392.599,8027581.953
2208,592275.6746,8027577.861
2209,597574.1625,8027552.482
2210,525166.53,8028698.658
2211,534880.0028,8028683.951
2212,549008.8262,8028654.064
2213,567553.2466,8028599.558
2214,594046.205,8028491.601
2215,598461.8293,8028470.166
2216,549894.2036,8029573.839
2217,568439.5074,8029518.529
2218,570205.7519,8029512.357
2219,578153.9137,8029482.637
2220,579037.0493,8029479.139
2221,579920.1864,8029475.601
2222,589634.7882,8029434.086
2223,526935.1147,8030540.254
2224,531350.7371,8030533.771
2225,536649.5021,8030524.695
2226,537532.6318,8030523.044
2227,563143.7358,8030458.092
2228,565793.2065,8030449.486
2229,571092.179,8030431.214
2230,577274.3699,8030408.108
2231,580807.0794,8030394.04
2232,592288.5451,8030343.975
2233,526936.3655,8031462.211
2234,533118.5277,8031452.864
2235,538417.5461,8031443.319
2236,570212.2746,8031356.358
2237,592292.8314,8031266.012
2238,531353.6482,8032377.69
2239,534003.2741,8032373.332
2240,570215.5337,8032278.357
2241,577281.5458,8032252.129
2242,534004.8516,8033295.291
2243,560502.6993,8033232.302
2244,574635.2442,8033184.264
2245,590534.756,8033118.208
2246,524290.255,8034231.49
2247,551672.3949,8034179.198
2248,555205.6274,8034169.705
2249,560505.5049,8034154.287
2250,568455.393,8034128.512
2251,575522.0406,8034102.933
2252,590538.9545,8034040.239
2253,526058.0353,8035151.208
2254,535774.6704,8035136.111
2255,524292.506,8036075.394
2256,526942.6111,8036071.984
2257,538426.4538,8036053.131
2258,555210.7434,8036013.659
2259,559627.7148,8036000.919
2260,568461.7372,8035972.5
2261,523410.2223,8036998.403
2262,526943.8585,8036993.936
2263,536661.3996,8036978.421
2264,557863.6023,8036928.112
2265,558747.0385,8036925.526
2266,567581.4589,8036897.51
2267,527828.5565,8037914.674
2268,535779.6396,8037901.985
2269,555215.8549,8037857.61
2270,566701.0985,8037822.478
2271,567584.5865,8037819.501
2272,526946.3516,8038837.839
2273,552567.8696,8038786.749
2274,554334.8948,8038782.012
2275,565820.6561,8038747.403
2276,526947.5974,8039759.788
2277,536666.487,8039744.292
2278,565823.6992,8039669.39
2279,526065.2694,8040682.911
2280,536668.1812,8040666.247
2281,564943.1326,8040594.271
2282,533135.3987,8041594.38
2283,537553.4953,8041586.56
2284,526068.8791,8043448.752
2285,525186.3454,8044371.83
2286,533139.9852,8044360.232
2287,522537.2174,8046218.879
2288,531375.3973,8046206.978
2289,539329.8053,8046192.93
2290,525189.8264,8047137.661
2291,531376.8419,8047128.924
2292,540215.4833,8047113.127
2293,529610.4834,8048053.56
2294,530494.3844,8048052.234
2295,541101.2425,8048033.286
2296,524308.2054,8048982.635
2297,541103.1331,8048955.237
2298,523425.344,8049905.627
2299,529613.2068,8049897.446
2300,540222.8813,8050800.93
2301,527847.8021,8051743.86
2302,541108.7996,8051721.089
2303,529617.2872,8052663.27
2304,541110.6867,8052643.038
2305,530502.7908,8053583.887
2306,540228.4209,8053566.775
2307,526967.4515,8054510.881
2308,540230.2658,8054488.721
2309,526968.6876,8055432.818
2310,538465.4076,8056336.069
